0,0,Drake,male,33,person,CA,n/a,n/a,Toronto,n/a,,
1,1,Post Malone,male,25,person,US,n/a,n/a,Syracuse,n/a,,
2,2,Ed Sheeran,male,29,person,GB,n/a,n/a,Halifax,n/a,,
3,3,J Balvin,male,35,person,CO,n/a,n/a,Medellín,n/a,,
4,4,Bad Bunny,male,26,person,PR,n/a,n/a,San Juan,n/a,,
5,5,Justin Bieber,male,26,person,CA,n/a,n/a,London,n/a,,
6,6,Ozuna,male,28,person,PR,n/a,n/a,San Juan,n/a,,
7,7,Ariana Grande,female,27,person,US,n/a,n/a,Boca Raton,n/a,,
8,8,Khalid,male,22,person,US,n/a,n/a,n/a,n/a,,
9,9,Daddy Yankee,male,43,person,PR,n/a,n/a,San Juan,n/a,,
10,10,Travis Scott,male,28,person,US,n/a,n/a,Houston,n/a,,
11,11,The Weeknd,male,30,person,CA,n/a,n/a,Scarborough,n/a,,
12,12,XXXTENTACION,male,20,person,US,n/a,n/a,Plantation,n/a,Deerfield Beach,n/a
13,13,Billie Eilish,female,18,person,US,n/a,n/a,Los Angeles,n/a,,
14,14,The Chainsmokers,mixed,8,group,US,n/a,n/a,New York,n/a,,
15,15,Anuel Aa,male,27,person,PR,n/a,n/a,Carolina,n/a,,
16,16,Nicky Jam,male,40,person,PR,n/a,n/a,Boston,n/a,,
17,17,Maluma,male,26,person,CO,n/a,n/a,Medellín,n/a,,
18,18,Camila Cabello,female,23,person,US,n/a,n/a,Cojímar,n/a,,
19,19,Dua Lipa,female,24,person,GB,n/a,n/a,London,n/a,,
20,20,Juice WRLD,male,21,person,US,n/a,n/a,Chicago,n/a,Oak Lawn,n/a
21,21,Selena Gomez,female,28,person,US,n/a,n/a,Grand Prairie,n/a,,
22,22,Halsey,female,25,person,US,n/a,n/a,Washington,n/a,,
23,23,Cardi B,female,27,person,US,n/a,n/a,n/a,The Bronx,,
24,24,Calvin Harris,male,36,person,GB,n/a,n/a,n/a,n/a,,
25,25,Nicki Minaj,female,37,person,,n/a,Queens,Port of Spain,n/a,,
26,26,Shawn Mendes,male,21,person,CA,n/a,n/a,Toronto,n/a,,
27,27,Imagine Dragons,mixed,12,group,US,n/a,n/a,Las Vegas,n/a,,
28,28,Kendrick Lamar,male,33,person,US,n/a,n/a,Compton,n/a,,
29,29,Sam Smith,other,28,person,GB,n/a,n/a,n/a,n/a,,
30,30,Future,male,36,person,,Atlanta,n/a,Atlanta,n/a,,
31,31,Farruko,male,29,person,PR,n/a,n/a,Bayamón,n/a,,
32,32,Maroon 5,mixed,18,group,US,n/a,n/a,Los Angeles,n/a,,
33,33,Rihanna,female,32,person,,New York,n/a,n/a,n/a,,
34,34,Lil Uzi Vert,male,26,person,US,n/a,n/a,n/a,Francisville,,
35,35,Kygo,male,28,person,NO,n/a,n/a,n/a,n/a,,
36,36,Marshmello,male,28,person,US,n/a,n/a,Philadelphia,n/a,,
37,37,Quavo,male,29,person,US,n/a,n/a,Lawrenceville,n/a,,
38,38,21 Savage,male,27,person,US,n/a,n/a,n/a,Plaistow,,
39,39,DJ Snake,male,34,person,FR,n/a,n/a,Paris,n/a,,
40,40,Young Thug,male,28,person,US,n/a,n/a,Atlanta,n/a,,
41,41,Sia,female,44,person,AU,n/a,n/a,Adelaide,n/a,,
42,42,Sech,male,26,person,PA,n/a,n/a,n/a,n/a,,
43,43,David Guetta,male,52,person,FR,n/a,n/a,Paris,n/a,,
44,44,Bebe Rexha,female,30,person,US,n/a,n/a,New York,n/a,,
45,45,Swae Lee,male,0,person,US,n/a,n/a,,,,
46,46,Ty Dolla $ign,male,35,person,US,n/a,n/a,Los Angeles,n/a,,
47,47,Eminem,male,47,person,,Detroit,n/a,St. Joseph,n/a,,
48,48,Major Lazer,mixed,12,group,,n/a,n/a,Los Angeles,n/a,,
49,49,Coldplay,mixed,23,group,GB,n/a,n/a,London,n/a,,
50,50,Bruno Mars,male,34,person,US,n/a,n/a,Honolulu,n/a,,
51,51,Migos,mixed,12,group,,Atlanta,n/a,Lawrenceville,n/a,,
52,52,Avicii,male,28,person,SE,n/a,n/a,Stockholm,n/a,n/a,n/a
53,53,Sebastian Yatra,male,25,person,CO,n/a,n/a,Medellín,n/a,,
54,54,Manuel Turizo,male,0,person,CO,n/a,n/a,n/a,n/a,,
55,55,Taylor Swift,female,30,person,US,n/a,n/a,Reading,n/a,,
56,56,Karol G,female,29,person,CO,n/a,n/a,Medellín,n/a,,
57,57,Wisin,male,40,person,PR,n/a,n/a,Cayey,n/a,,
58,58,Anne-Marie,,0,,,Berkeley,n/a,,,,
59,59,Luis Fonsi,male,42,person,PR,n/a,n/a,,,,
60,60,DaBaby,male,28,person,US,n/a,n/a,Cleveland,n/a,,
61,61,Kanye West,male,43,person,,Chicago,n/a,Atlanta,n/a,,
62,62,Lil Baby,male,25,person,,Atlanta,n/a,Atlanta,n/a,,
63,63,Zara Larsson,female,22,person,SE,n/a,n/a,n/a,n/a,,
64,64,Charlie Puth,male,28,person,US,n/a,n/a,Janesville,n/a,,
65,65,J. Cole,male,35,person,US,n/a,n/a,Frankfurt am Main,n/a,,
66,66,Zedd,male,30,person,DE,n/a,n/a,Saratov,n/a,,
67,67,Jason Derulo,male,30,person,US,n/a,n/a,Miami,n/a,,
68,68,Clean Bandit,mixed,12,group,GB,n/a,n/a,Cambridge,n/a,,
69,69,Lenny Tavárez,male,33,person,PR,n/a,n/a,,,,
70,70,Martin Garrix,male,24,person,NL,n/a,n/a,n/a,n/a,,
71,71,Zion & Lennox,mixed,17,group,PR,n/a,n/a,,,,
72,72,Demi Lovato,female,27,person,US,n/a,n/a,Albuquerque,n/a,,
73,73,Offset,male,0,person,,Atlanta,n/a,,,,
74,74,Anitta,female,27,person,BR,n/a,n/a,Rio de Janeiro,n/a,,
75,75,Lady Gaga,female,34,person,US,n/a,n/a,n/a,Manhattan,,
76,76,ZAYN,male,27,person,GB,n/a,n/a,Bradford,n/a,,
77,77,Roddy Ricch,male,21,person,US,n/a,n/a,Compton,n/a,,
78,78,Lil Wayne,male,37,person,,Miami Beach,n/a,New Orleans,n/a,,
79,79,Darell,male,0,person,PR,n/a,n/a,,,,
80,80,Marília Mendonça,female,25,person,BR,n/a,n/a,n/a,n/a,,
81,81,Lauv,male,25,person,US,n/a,n/a,San Francisco,n/a,,
82,82,Jonas Blue,male,30,person,GB,n/a,n/a,London,n/a,,
83,83,Tyga,male,30,person,US,n/a,n/a,Compton,n/a,,
84,84,Ellie Goulding,female,33,person,,n/a,n/a,Lyonshall,n/a,,
85,85,Queen,mixed,50,group,GB,n/a,n/a,London,n/a,,
86,86,Lewis Capaldi,male,23,person,GB,n/a,n/a,Glasgow,n/a,,
87,87,Dalex,male,29,person,PR,n/a,n/a,Philadelphia,n/a,,
88,88,MØ,female,31,person,DK,n/a,n/a,Odense,n/a,,
89,89,Alessia Cara,female,24,person,CA,n/a,n/a,Brampton,n/a,,
90,90,Twenty One Pilots,mixed,11,group,US,n/a,n/a,Columbus,n/a,,
91,91,Chris Brown,male,31,person,US,n/a,n/a,Tappahannock,n/a,,
92,92,Kodak Black,male,23,person,US,n/a,n/a,Pompano Beach,n/a,,
93,93,6ix9ine,male,24,person,US,n/a,n/a,Bushwick,n/a,,
94,94,Gucci Mane,male,40,person,,Atlanta,n/a,Birmingham,n/a,,
95,95,Becky G,female,23,person,US,n/a,n/a,Inglewood,n/a,,
96,96,Alan Walker,male,22,person,NO,n/a,n/a,Northampton,n/a,,
97,97,Natti Natasha,female,33,person,DO,n/a,n/a,Santiago de los Caballeros,n/a,,
98,98,Paulo Londra,male,0,person,AR,n/a,n/a,,,,
99,99,G-Eazy,male,31,person,US,n/a,n/a,Oakland,n/a,,
100,100,Katy Perry,female,35,person,US,n/a,n/a,Santa Barbara,n/a,,
101,101,Robin Schulz,male,33,person,DE,n/a,n/a,Osnabrück,n/a,,
102,102,Lil Nas X,male,21,person,,Atlanta,n/a,,,,
103,103,Chance the Rapper,male,27,person,,Chicago,n/a,Chicago,n/a,,
104,104,Capital Bra,male,25,person,DE,n/a,n/a,n/a,n/a,,
105,105,Justin Quiles,male,30,person,PR,n/a,n/a,Bridgeport,n/a,,
106,106,Logic,male,30,person,US,n/a,n/a,Gaithersburg,n/a,,
107,107,Harry Styles,male,26,person,GB,n/a,n/a,Redditch,n/a,,
108,108,Piso 21,mixed,0,group,CO,n/a,n/a,,,,
109,109,Tones and I,female,0,person,AU,n/a,n/a,n/a,n/a,,
110,110,A Boogie Wit da Hoodie,male,24,person,US,n/a,n/a,n/a,The Bronx,,
111,111,Diplo,male,41,person,,Los Angeles,n/a,Tupelo,n/a,,
112,112,James Arthur,male,32,person,GB,n/a,n/a,n/a,n/a,,
113,113,Rita Ora,female,29,person,GB,n/a,n/a,n/a,n/a,,
114,114,Big Sean,male,32,person,,Detroit,n/a,Santa Monica,n/a,,
115,115,DJ Khaled,male,44,person,US,n/a,n/a,New Orleans,n/a,,
116,116,Fetty Wap,male,30,person,US,n/a,n/a,Paterson,n/a,,
117,117,Daft Punk,mixed,27,group,FR,n/a,n/a,Paris,n/a,,
118,118,Gunna,male,27,person,US,n/a,n/a,College Park,n/a,,
119,119,Myke Towers,male,26,person,PR,n/a,n/a,Las Piedras,n/a,,
120,120,French Montana,male,35,person,,n/a,The Bronx,Rabat,n/a,,
121,121,A$AP Rocky,male,31,person,US,n/a,n/a,n/a,Harlem,,
122,122,SZA,female,29,person,US,n/a,n/a,St. Louis,n/a,,
123,123,Arcangel,male,34,person,PR,n/a,n/a,New York,n/a,,
124,124,5 Seconds of Summer,mixed,9,group,AU,n/a,n/a,Sydney,n/a,,
125,125,Bastille,mixed,10,group,GB,n/a,n/a,London,n/a,,
126,126,Shakira,female,43,person,CO,n/a,n/a,Barranquilla,n/a,,
127,127,WizKid,male,30,person,,Lagos,n/a,Lagos,n/a,,
128,128,Hailee Steinfeld,female,23,person,US,n/a,n/a,Los Angeles,n/a,,
129,129,Jorge & Mateus,mixed,15,group,BR,n/a,n/a,n/a,n/a,,
130,130,Reik,mixed,17,group,MX,n/a,n/a,Mexicali,n/a,,
131,131,Yandel,male,43,person,PR,n/a,n/a,,,,
132,132,Rauw Alejandro,male,0,person,PR,n/a,n/a,San Juan,n/a,,
133,133,Cheat Codes,mixed,6,group,,Los Angeles,n/a,Los Angeles,n/a,,
134,134,Pharrell Williams,male,47,person,US,n/a,n/a,Virginia Beach,n/a,,
135,135,Ava Max,female,26,person,US,n/a,n/a,Milwaukee,n/a,,
136,136,DJ Luian,male,30,person,PR,n/a,n/a,Carolina,n/a,,
137,137,Jess Glynne,female,30,person,GB,n/a,n/a,n/a,Muswell Hill,,
138,138,Sean Paul,male,47,person,JM,n/a,n/a,n/a,n/a,,
139,139,Kyla,female,39,person,PH,n/a,n/a,Manila,n/a,,
140,140,Camilo,male,26,person,CO,n/a,n/a,Medellín,n/a,,
141,141,Julia Michaels,female,26,person,US,n/a,n/a,Davenport,n/a,,
142,142,Seeb,mixed,5,group,,Oslo,n/a,Oslo,n/a,,
143,143,Adele,female,32,person,GB,n/a,n/a,Tottenham,n/a,,
144,144,Zé Neto & Cristiano,mixed,9,group,BR,n/a,n/a,São José do Rio Preto,n/a,,
145,145,Florida Georgia Line,mixed,10,group,US,n/a,n/a,Nashville,n/a,,
146,146,BTS,mixed,7,group,KR,n/a,n/a,Seoul,n/a,,
147,147,OneRepublic,mixed,16,group,US,n/a,n/a,n/a,n/a,,
148,148,Metro Boomin,male,26,person,US,n/a,n/a,St. Louis,n/a,,
149,149,Enrique Iglesias,male,45,person,ES,n/a,n/a,Madrid,n/a,,
150,150,Matheus & Kauan,mixed,10,group,BR,n/a,n/a,n/a,n/a,,
151,151,Ninho,male,24,person,FR,n/a,n/a,Yerres,n/a,,
152,152,Trippie Redd,male,21,person,US,n/a,n/a,Canton,n/a,,
153,153,RAF Camora,male,36,person,AT,n/a,n/a,Vevey,n/a,,
154,154,Jonas Brothers,mixed,15,group,US,n/a,n/a,n/a,n/a,,
155,155,Mambo Kingz,mixed,0,group,PR,n/a,n/a,,,,
156,156,John Legend,male,41,person,US,n/a,n/a,Springfield,n/a,,
157,157,Pitbull,male,39,person,US,n/a,n/a,Miami,n/a,,
158,158,Fifth Harmony,mixed,7,group,US,n/a,n/a,Miami,n/a,Hollywood,n/a
159,159,Lil Pump,male,0,person,,n/a,n/a,,,,
160,160,Bazzi,male,22,person,US,n/a,n/a,Dearborn,n/a,,
161,161,Felix Jaehn,male,25,person,DE,n/a,n/a,Hamburg,n/a,,
162,162,Beyoncé,female,38,person,US,n/a,n/a,Houston,n/a,,
163,163,Daya,female,21,person,US,n/a,n/a,Pittsburgh,n/a,,
164,164,Normani,female,24,person,US,n/a,n/a,Atlanta,n/a,,
165,165,Lunay,male,20,person,PR,n/a,n/a,Corozal,n/a,,
166,166,Henrique & Juliano,mixed,12,group,BR,n/a,n/a,n/a,n/a,,
167,167,Romeo Santos,male,39,person,US,n/a,n/a,n/a,The Bronx,,
168,168,Grey,male,54,person,US,n/a,n/a,,,,
169,169,Meghan Trainor,female,26,person,US,n/a,n/a,n/a,n/a,,
170,170,Lil Yachty,male,22,person,US,n/a,n/a,Mableton,n/a,,
171,171,Danny Ocean,male,28,person,US,n/a,n/a,Caracas,n/a,,
172,172,Macklemore,male,37,person,US,n/a,n/a,Seattle,n/a,,
173,173,Rae Sremmurd,mixed,7,group,US,n/a,n/a,Tupelo,n/a,,
174,174,2 Chainz,male,43,person,US,n/a,n/a,College Park,n/a,,
175,175,Feid,male,27,person,CO,n/a,n/a,Medellín,n/a,,
176,176,Bonez MC,male,35,person,DE,n/a,n/a,Hamburg,n/a,,
177,177,Panic! At The Disco,mixed,16,group,US,n/a,n/a,Las Vegas,n/a,,
178,178,benny blanco,male,32,person,US,n/a,n/a,Reston,n/a,,
179,179,Bryson Tiller,male,27,person,US,n/a,n/a,Louisville,n/a,,
180,180,Tainy,male,30,person,PR,n/a,n/a,San Juan,n/a,,
181,181,Lukas Graham,mixed,9,group,DK,n/a,n/a,Copenhagen,n/a,,
182,182,Justin Timberlake,male,39,person,US,n/a,n/a,Memphis,n/a,,
183,183,Mark Ronson,male,44,person,GB,n/a,n/a,n/a,St John's Wood,,
184,184,Bradley Cooper,male,45,person,US,n/a,n/a,Philadelphia,n/a,,
185,185,Wiz Khalifa,male,32,person,US,n/a,n/a,Minot,n/a,,
186,186,Brytiago,male,28,person,PR,n/a,n/a,Carolina,n/a,,
187,187,Miley Cyrus,other,27,person,,Toluca Lake,n/a,Nashville,n/a,,
188,188,Dimelo Flow,male,31,person,PA,n/a,n/a,n/a,n/a,,
189,189,Tove Lo,female,32,person,SE,n/a,n/a,Stockholm,n/a,,
190,190,Troye Sivan,male,25,person,AU,n/a,n/a,Johannesburg,n/a,,
191,191,Sfera Ebbasta,male,27,person,IT,n/a,n/a,n/a,n/a,,
192,192,ROSALÍA,female,26,person,ES,n/a,n/a,n/a,n/a,,
193,193,Gusttavo Lima,male,30,person,BR,n/a,n/a,,,,
194,194,Mau y Ricky,mixed,0,group,VE,n/a,n/a,,,,
195,195,Meek Mill,male,33,person,US,n/a,n/a,Philadelphia,n/a,,
196,196,Pedro Capó,male,39,person,PR,n/a,n/a,San Juan,n/a,,
197,197,One Direction,mixed,10,group,GB,n/a,n/a,London,n/a,,
198,198,Wesley Safadão,male,31,person,BR,n/a,n/a,Fortaleza,n/a,,
199,199,YNW Melly,male,21,person,US,n/a,n/a,,,,
200,200,MC Kevinho,male,21,person,BR,n/a,n/a,Campinas,n/a,,
201,201,Samra,male,25,person,DE,n/a,n/a,n/a,n/a,,
202,202,Little Mix,mixed,8,group,GB,n/a,n/a,London,n/a,,
203,203,Mustard,male,30,person,US,n/a,n/a,Los Angeles,n/a,,
204,204,Lil Tecca,male,17,person,US,n/a,n/a,n/a,Queens,,
205,205,Alesso,male,29,person,SE,n/a,n/a,Stockholm,n/a,,
206,206,Doja Cat,female,24,person,US,n/a,n/a,Los Angeles,n/a,,
207,207,Billy Ray Cyrus,male,58,person,US,n/a,n/a,Flatwoods,n/a,,
208,208,Maiara & Maraisa,mixed,0,group,BR,n/a,n/a,,,,
209,209,Lizzo,female,32,person,US,n/a,n/a,Detroit,n/a,,
210,210,Tory Lanez,male,28,person,CA,n/a,n/a,Brampton,n/a,,
211,211,BLACKPINK,mixed,3,group,KR,n/a,n/a,Seoul,n/a,,
212,212,Willy William,male,39,person,FR,n/a,n/a,Fréjus,n/a,,
213,213,Liam Payne,male,26,person,GB,n/a,n/a,Wolverhampton,n/a,,
214,214,Tiësto,male,51,person,NL,n/a,n/a,Breda,n/a,,
215,215,Goodboys,mixed,0,group,,London,n/a,London,n/a,,
216,216,MEDUZA,male,0,person,IT,n/a,n/a,Milan,n/a,,
217,217,Flo Rida,male,40,person,US,n/a,n/a,n/a,Carol City,,
218,218,CNCO,mixed,4,group,US,n/a,n/a,Miami,n/a,,
219,219,Ufo361,male,32,person,DE,n/a,n/a,Berlin,n/a,,
220,220,Rafa Pabön,male,0,person,PR,n/a,n/a,,,,
221,221,Juan Magán,male,41,person,ES,n/a,n/a,n/a,n/a,,
222,222,Galantis,mixed,8,group,SE,n/a,n/a,Stockholm,n/a,,
223,223,Lil Mosey,male,18,person,US,n/a,n/a,Seattle,n/a,,
224,224,Childish Gambino,male,36,person,US,n/a,n/a,Edwards Air Force Base,n/a,,
225,225,Mike Posner,male,32,person,US,n/a,n/a,Detroit,n/a,,
226,226,Dean Lewis,male,32,person,AU,n/a,n/a,Sydney,n/a,,
227,227,Maren Morris,female,30,person,US,n/a,n/a,Arlington,n/a,,
228,228,Rudimental,mixed,10,group,GB,n/a,n/a,n/a,n/a,,
229,229,Prince Royce,male,31,person,US,n/a,n/a,New York,n/a,,
230,230,Dan + Shay,mixed,7,group,US,n/a,n/a,Nashville,n/a,,
231,231,Morat,mixed,5,group,CO,n/a,n/a,Bogotá,n/a,,
232,232,Cazzu,,26,,AR,n/a,n/a,,,,
233,233,Khea,male,20,person,AR,n/a,n/a,Buenos Aires,n/a,,
234,234,Apache 207,male,22,person,DE,n/a,n/a,Ludwigshafen,n/a,,
235,235,Michael Bublé,male,44,person,CA,n/a,n/a,Burnaby,n/a,,
236,236,Desiigner,male,23,person,US,n/a,n/a,n/a,Brooklyn,,
237,237,Arizona Zervas,male,25,person,US,n/a,n/a,Hagerstown,n/a,,
238,238,George Ezra,male,27,person,GB,n/a,n/a,Bristol,n/a,,
239,239,blackbear,male,29,person,US,n/a,n/a,Daytona Beach,n/a,,
240,240,Alok,male,28,person,BR,n/a,n/a,Goiânia,n/a,,
241,241,Lorde,female,23,person,NZ,n/a,n/a,n/a,n/a,,
242,242,PARTYNEXTDOOR,male,27,person,CA,n/a,n/a,Mississauga,n/a,,
243,243,Christian Nodal,male,21,person,MX,n/a,n/a,n/a,n/a,,
244,244,Nio Garcia,male,0,person,PR,n/a,n/a,,,,
245,245,Snow,male,51,person,CA,n/a,n/a,n/a,North York,,
246,246,Iggy Azalea,female,30,person,US,n/a,n/a,Sydney,n/a,,
247,247,Jhay Cortez,male,0,person,PR,n/a,n/a,Las Piedras,n/a,,
248,248,Skrillex,male,32,person,US,n/a,n/a,Los Angeles,n/a,,
249,249,Mabel,female,24,person,,London,n/a,Málaga,n/a,,
250,250,Axwell /\ Ingrosso,mixed,6,group,SE,n/a,n/a,,,,
251,251,OMI,male,33,person,JM,n/a,n/a,n/a,n/a,,
252,252,Niall Horan,male,26,person,IE,n/a,n/a,Mullingar,n/a,,
253,253,Niska,male,26,person,FR,n/a,n/a,Villeneuve-Saint-Georges,n/a,,
254,254,Jax Jones,male,33,person,GB,n/a,n/a,London,n/a,,
255,255,Nacho,male,36,person,VE,n/a,n/a,n/a,n/a,,
256,256,Casper Magico,male,0,person,PR,n/a,n/a,,,,
257,257,Rich The Kid,male,28,person,US,n/a,n/a,n/a,n/a,,
258,258,Dynoro,male,0,person,,Vilnius,n/a,,,,
259,259,Gzuz,male,32,person,,Hamburg,n/a,Hamburg,n/a,,
260,260,Macklemore & Ryan Lewis,mixed,11,group,,Seattle,n/a,Seattle,n/a,,
261,261,De La Ghetto,male,35,person,PR,n/a,n/a,,,,
262,262,Duki,male,24,person,,Buenos Aires,n/a,Buenos Aires,n/a,,
263,263,Frenna,male,28,person,NL,n/a,n/a,The Hague,n/a,,
264,264,DNCE,mixed,5,group,US,n/a,n/a,San Francisco,n/a,,
265,265,Stormzy,male,27,person,GB,n/a,n/a,n/a,Thornton Heath,,
266,266,Capo Plaza,male,22,person,IT,n/a,n/a,n/a,n/a,,
267,267,Summer Cem,male,37,person,TR,n/a,n/a,,,,
268,268,Kehlani,female,25,person,US,n/a,n/a,Oakland,n/a,,
269,269,Lil' Kleine,male,25,person,NL,n/a,n/a,Amsterdam,n/a,,
270,270,Gente De Zona,mixed,20,group,CU,n/a,n/a,La Habana,n/a,,
271,271,SAINt JHN,male,0,person,US,n/a,n/a,n/a,Brooklyn,,
272,272,Gigi D'Agostino,male,52,person,IT,n/a,n/a,Turin,n/a,,
273,273,Charli XCX,female,27,person,GB,n/a,n/a,Cambridge,n/a,,
274,274,Trevor Daniel,male,25,person,US,n/a,n/a,Los Angeles,n/a,,
275,275,Lil Skies,male,21,person,US,n/a,n/a,n/a,n/a,,
276,276,Imanbek,male,19,person,,,,n/a,n/a,,
277,277,YoungBoy Never Broke Again,male,20,person,,Baton Rouge,n/a,Baton Rouge,n/a,,
278,278,The Black Eyed Peas,mixed,25,group,US,n/a,n/a,Los Angeles,n/a,,
279,279,Boef,male,27,person,NL,n/a,n/a,Aubervilliers,n/a,,
280,280,YG,male,30,person,US,n/a,n/a,Compton,n/a,,
281,281,Lalo Ebratt,male,27,person,CO,n/a,n/a,Santa Marta,n/a,,
282,282,NAV,male,30,person,,Toronto,n/a,Toronto,n/a,,
283,283,Carlos Vives,male,59,person,CO,n/a,n/a,,,,
284,284,Rick Ross,male,44,person,,Miami,n/a,Clarksdale,n/a,,
285,285,Damso,male,28,person,BE,n/a,n/a,Kinshasa,n/a,,
286,286,Chencho Corleone,male,41,person,PR,n/a,n/a,Bayamón,n/a,,
287,287,Luciano,male,55,person,JM,n/a,n/a,n/a,n/a,,
288,288,MC Kevin o Chris,male,22,person,BR,n/a,n/a,Duque de Caxias,n/a,,
289,289,Jowell & Randy,mixed,0,group,PR,n/a,n/a,,,,
290,290,Hozier,male,30,person,IE,n/a,n/a,Bray,n/a,,
291,291,Ronnie Flex,male,28,person,NL,n/a,n/a,Capelle aan den IJssel,n/a,,
292,292,Salmo,male,36,person,IT,n/a,n/a,n/a,n/a,,
293,293,JP Cooper,male,38,person,GB,n/a,n/a,Middleton,n/a,,
294,294,Juicy J,male,45,person,US,n/a,n/a,Memphis,n/a,,
295,295,X Ambassadors,mixed,11,group,US,n/a,n/a,n/a,Brooklyn,,
296,296,tha Supreme,male,0,person,IT,n/a,n/a,,,,
297,297,Kris Kross Amsterdam,mixed,0,group,NL,n/a,n/a,,,,
298,298,Banda Sinaloense MS de Sergio Lizárraga,mixed,17,group,,n/a,n/a,Mazatlan,n/a,,
299,299,NF,male,29,person,US,n/a,n/a,Gladwin,n/a,,
300,300,Cosculluela,male,39,person,PR,n/a,n/a,Humacao,n/a,,
301,301,Lost Frequencies,male,26,person,BE,n/a,n/a,Brussels,n/a,,
302,302,Sandro Cavazza,male,0,person,SE,n/a,n/a,,,,
303,303,Mariah Carey,female,50,person,US,n/a,n/a,n/a,n/a,,
304,304,Fuse ODG,male,30,person,GB,n/a,n/a,,,,
305,305,Luan Santana,male,29,person,BR,n/a,n/a,Campo Grande,n/a,,
306,306,Playboi Carti,male,23,person,US,n/a,n/a,Atlanta,n/a,,
307,307,RAYE,female,22,person,GB,n/a,n/a,n/a,Tooting,,
308,308,Matoma,male,29,person,NO,n/a,n/a,n/a,n/a,,
309,309,Ali Gatie,male,23,person,CA,n/a,n/a,,,,
310,310,Ezhel,male,0,person,,n/a,n/a,,,,
311,311,Nyla,female,36,person,,,,n/a,n/a,,
312,312,Becky Hill,female,26,person,GB,n/a,n/a,Bewdley,n/a,,
313,313,Nengo Flow,male,38,person,PR,n/a,n/a,Las Piedras,n/a,,
314,314,Nimo,male,24,person,DE,n/a,n/a,Karlsruhe,n/a,,
315,315,P!nk,female,40,person,US,n/a,n/a,Doylestown,n/a,,
316,316,BlocBoy JB,male,24,person,US,n/a,n/a,Memphis,n/a,,
317,317,Jeremih,male,33,person,US,n/a,n/a,Chicago,n/a,,
318,318,bbno$,male,25,person,CA,n/a,n/a,Vancouver,n/a,,
319,319,Luke Combs,male,30,person,US,n/a,n/a,Charlotte,n/a,,
320,320,Y2K,,0,,,,,,,,
321,321,NLE Choppa,male,17,person,US,n/a,n/a,Memphis,n/a,,
322,322,KYLE,male,0,person,US,n/a,n/a,,,,
323,323,PNL,mixed,5,group,FR,n/a,n/a,Corbeil-Essonnes,n/a,,
324,324,Disclosure,mixed,10,group,GB,n/a,n/a,Reigate,n/a,,
325,325,Rag'n'Bone Man,male,35,person,,London,n/a,Uckfield,n/a,,
326,326,Vance Joy,male,32,person,AU,n/a,n/a,Melbourne,n/a,,
327,327,Jessie Reyez,female,29,person,CA,n/a,n/a,Toronto,n/a,,
328,328,Sigala,male,26,person,GB,n/a,n/a,Norwich,n/a,,
329,329,Regard,male,0,person,,New York,n/a,,,,
330,330,Jul,male,30,person,FR,n/a,n/a,Marseille,n/a,,
331,331,Loud Luxury,mixed,0,group,CA,n/a,n/a,,,,
332,332,Booba,male,43,person,FR,n/a,n/a,Boulogne-Billancourt,n/a,,
333,333,Frank Ocean,male,32,person,,Beverly Hills,n/a,Long Beach,n/a,,
334,334,LANY,mixed,6,group,US,n/a,n/a,Nashville,n/a,,
335,335,Flume,male,28,person,AU,n/a,n/a,Sydney,n/a,,
336,336,Polo G,male,0,person,US,n/a,n/a,,,,
337,337,Kesha,female,33,person,US,n/a,n/a,Los Angeles,n/a,,
338,338,Bryant Myers,male,22,person,PR,n/a,n/a,Carolina,n/a,,
339,339,Gemitaiz,male,31,person,IT,n/a,n/a,Rome,n/a,,
340,340,Felipe Araújo,male,25,person,BR,n/a,n/a,Goiânia,n/a,,
341,341,Gustavo Mioto,male,23,person,BR,n/a,n/a,Votuporanga,n/a,,
342,342,Fall Out Boy,mixed,19,group,US,n/a,n/a,Wilmette,n/a,,
343,343,Noriel,male,26,person,PR,n/a,n/a,n/a,n/a,,
344,344,Oasis,mixed,29,group,GB,n/a,n/a,Manchester,n/a,Manchester,n/a
345,345,Zion,male,38,person,PR,n/a,n/a,Carolina,n/a,,
346,346,Bausa,male,31,person,DE,n/a,n/a,Saarbrücken,n/a,,
347,347,Sam Hunt,male,35,person,,Nashville,n/a,Cedartown,n/a,,
348,348,Kid Ink,male,34,person,US,n/a,n/a,Los Angeles,n/a,,
349,349,Lil Tjay,male,19,person,US,n/a,n/a,n/a,The Bronx,,
350,350,Descemer Bueno,male,49,person,CU,n/a,n/a,n/a,n/a,,
351,351,JAY Z,male,50,person,US,n/a,n/a,n/a,Brooklyn,,
352,352,Labrinth,male,31,person,GB,n/a,n/a,n/a,n/a,,
353,353,Luis Miguel,male,50,person,MX,n/a,n/a,San Juan,n/a,,
354,354,Dan Caplen,male,28,person,GB,n/a,n/a,London,n/a,,
355,355,Passenger,male,36,person,GB,n/a,n/a,n/a,n/a,,
356,356,Brando,male,0,person,,,,,,,
357,357,Nekfeu,male,30,person,FR,n/a,n/a,La Trinité,n/a,,
358,358,Megan Thee Stallion,female,25,person,,Houston,n/a,Houston,n/a,,
359,359,Digital Farm Animals,male,31,person,GB,n/a,n/a,n/a,Stanmore,,
360,360,Ricky Martin,male,48,person,PR,n/a,n/a,San Juan,n/a,,
361,361,Cali Y El Dandee,mixed,11,group,CO,n/a,n/a,Cali,n/a,,
362,362,Portugal. The Man,mixed,16,group,US,n/a,n/a,Wasilla,n/a,,
363,363,Louis Tomlinson,male,28,person,GB,n/a,n/a,n/a,n/a,,
364,364,Ludmilla,female,25,person,BR,n/a,n/a,Rio de Janeiro,n/a,,
365,365,Machine Gun Kelly,male,30,person,US,n/a,n/a,Houston,n/a,,
366,366,Noah Cyrus,female,20,person,US,n/a,n/a,Nashville,n/a,,
367,367,Jack Ü,mixed,7,group,US,n/a,n/a,Los Angeles,n/a,,
368,368,Chris Jeday,male,0,person,PR,n/a,n/a,,,,
369,369,Simone & Simaria,mixed,8,group,BR,n/a,n/a,n/a,n/a,,
370,370,Alec Benjamin,male,26,person,US,n/a,n/a,Phoenix,n/a,,
371,371,beabadoobee,female,20,person,,London,n/a,,,,
372,372,Powfu,male,21,person,CA,n/a,n/a,Vancouver,n/a,,
373,373,Miguel,male,50,person,MX,n/a,n/a,San Juan,n/a,,
374,374,Starley,female,0,person,AU,n/a,n/a,,,,
375,375,Dakota,mixed,0,group,,,,,,,
376,376,Ryan Riback,male,0,person,,Melbourne,n/a,,,,
377,377,Marracash,male,41,person,IT,n/a,n/a,n/a,n/a,,
378,378,Nego do Borel,male,28,person,BR,n/a,n/a,Rio de Janeiro,n/a,,
379,379,"Tyler, The Creator",male,29,person,US,n/a,n/a,Los Angeles,n/a,,
380,380,James Bay,male,29,person,GB,n/a,n/a,Hitchin,n/a,,
381,381,Martin Jensen,male,28,person,DK,n/a,n/a,n/a,n/a,,
382,382,Loredana,female,50,person,RO,n/a,n/a,n/a,n/a,,
383,383,Aya Nakamura,female,25,person,FR,n/a,n/a,Bamako,n/a,,
384,384,Kiiara,female,25,person,US,n/a,n/a,Wilmington,n/a,,
385,385,Sofia Reyes,female,24,person,MX,n/a,n/a,Monterrey,n/a,,
386,386,Ultimo,male,24,person,IT,n/a,n/a,Rome,n/a,,
387,387,gnash,male,27,person,US,n/a,n/a,Los Angeles,n/a,,
388,388,Sheck Wes,male,21,person,US,n/a,n/a,n/a,Harlem,,
389,389,Olivia O'Brien,female,20,person,,Napa,n/a,Thousand Oaks,n/a,,
390,390,PnB Rock,male,28,person,US,n/a,n/a,Philadelphia,n/a,,
391,391,Mike Perry,male,0,person,,,,,,,
392,392,ROZES,female,27,person,US,n/a,n/a,Montgomeryville,n/a,,
393,393,Skylar Grey,female,34,person,US,n/a,n/a,n/a,n/a,,
394,394,Bizzey,male,35,person,NL,n/a,n/a,,,,
395,395,Mc Livinho,male,25,person,BR,n/a,n/a,São Paulo,n/a,,
396,396,The Greatest Showman Ensemble,,0,,,,,,,,
397,397,Lana Del Rey,female,35,person,US,n/a,n/a,New York,n/a,,
398,398,ANAVITÓRIA,mixed,7,group,BR,n/a,n/a,n/a,n/a,,
399,399,Bipolar Sunshine,male,36,person,GB,n/a,n/a,Manchester,n/a,,
400,400,Moira Dela Torre,female,26,person,PH,n/a,n/a,n/a,n/a,,
401,401,Juanes,male,47,person,CO,n/a,n/a,Medellín,n/a,,
402,402,Gilli,male,28,person,DK,n/a,n/a,,,,
403,403,Joji,male,27,person,,New York,n/a,Osaka,n/a,,
404,404,watt,,9,,,Paris,n/a,Paris,n/a,,
405,405,Dennis DJ,male,40,person,BR,n/a,n/a,Duque de Caxias,n/a,,
406,406,Aloe Blacc,male,41,person,US,n/a,n/a,Laguna Hills,n/a,,
407,407,Wisin & Yandel,mixed,0,group,PR,n/a,n/a,,,,
408,408,Bruno Martini,male,28,person,,,,,,,
409,409,Francesco Yates,male,24,person,,Toronto,n/a,Toronto,n/a,,
410,410,RIN,,0,,,,,,,,
411,411,Ben&Ben,mixed,5,group,,Manila,n/a,Manila,n/a,,
412,412,Dennis Lloyd,male,27,person,IL,n/a,n/a,Tel Aviv,n/a,,
413,413,Disciples,mixed,0,group,GB,n/a,n/a,,,,
414,414,Zac Efron,male,32,person,US,n/a,n/a,San Luis Obispo,n/a,,
415,415,Kane Brown,male,26,person,US,n/a,n/a,Chattanooga,n/a,,
416,416,William Singe,male,28,person,AU,n/a,n/a,Auckland,n/a,,
417,417,Jason Mraz,male,43,person,US,n/a,n/a,Mechanicsville,n/a,,
418,418,Zendaya,female,23,person,US,n/a,n/a,Oakland,n/a,,
419,419,BloodPop®,male,29,person,US,n/a,n/a,Kansas City,n/a,,
420,420,Murda Beatz,male,26,person,CA,n/a,n/a,Niagara Falls,n/a,,
421,421,Maes,male,0,person,FR,n/a,n/a,,,,
422,422,Ghali,male,27,person,IT,n/a,n/a,Milan,n/a,,
423,423,MERO,male,20,person,DE,n/a,n/a,Rüsselsheim,n/a,,
424,424,Don Omar,male,42,person,PR,n/a,n/a,San Juan,n/a,,
425,425,Conrad Sewell,male,32,person,AU,n/a,n/a,Brisbane,n/a,,
426,426,Jerry Smith,male,0,person,US,n/a,n/a,,,,
427,427,Jack & Jack,mixed,7,group,US,n/a,n/a,Omaha,n/a,,
428,428,MNEK,male,25,person,GB,n/a,n/a,n/a,n/a,,
429,429,KC Rebell,male,32,person,DE,n/a,n/a,n/a,n/a,,
430,430,Kina,mixed,37,group,IT,n/a,n/a,,,,
431,431,DRAM,male,32,person,,Hampton,n/a,n/a,n/a,,
432,432,Jessie J,female,32,person,GB,n/a,n/a,London,n/a,,
433,433,Juhn,male,28,person,PR,n/a,n/a,n/a,n/a,,
434,434,Dave,male,92,person,US,n/a,n/a,Concord,n/a,Norwalk,n/a
435,435,El Guincho,male,0,person,ES,n/a,n/a,Las Palmas de Gran Canaria,n/a,,
436,436,Pop Smoke,male,20,person,US,n/a,n/a,n/a,Brooklyn,West Hollywood,n/a
437,437,Zeeba,male,27,person,BR,n/a,n/a,San Diego,n/a,,
438,438,Josylvio,male,28,person,NL,n/a,n/a,n/a,n/a,,
439,439,Steve Aoki,male,42,person,US,n/a,n/a,Miami,n/a,,
440,440,Mr. Probz,male,36,person,NL,n/a,n/a,n/a,n/a,,
441,441,Diego & Victor Hugo,mixed,11,group,BR,n/a,n/a,n/a,n/a,,
442,442,Hugh Jackman,male,51,person,AU,n/a,n/a,Sydney,n/a,,
443,443,Kungs,male,23,person,FR,n/a,n/a,,,,
444,444,Afrojack,male,32,person,NL,n/a,n/a,Spijkenisse,n/a,,
445,445,Keala Settle,female,44,person,US,n/a,n/a,Laie,n/a,,
446,446,Don Toliver,male,26,person,,Houston,n/a,Houston,n/a,,
447,447,Sevn Alias,male,23,person,NL,n/a,n/a,Amsterdam,n/a,,
448,448,Pabllo Vittar,female,25,person,BR,n/a,n/a,n/a,n/a,,
449,449,John Newman,male,30,person,,n/a,n/a,n/a,n/a,,
450,450,Rich Music LTD,mixed,0,group,,,,,,,
451,451,Marc Anthony,male,51,person,US,n/a,n/a,New York,n/a,,
452,452,Jennifer Lopez,female,51,person,US,n/a,n/a,n/a,The Bronx,,
453,453,Gue Pequeno,male,39,person,IT,n/a,n/a,Milan,n/a,,
454,454,Whitney Houston,female,48,person,US,n/a,n/a,Newark,n/a,Beverly Hills,n/a
455,455,Famous Dex,male,26,person,,Chicago,n/a,Chicago,n/a,,
456,456,Maxwell,male,47,person,US,n/a,n/a,n/a,Brooklyn,,
457,457,Nico & Vinz,mixed,11,group,NO,n/a,n/a,Oslo,n/a,,
458,458,Paul McCartney,male,78,person,GB,n/a,n/a,n/a,Walton,,
459,459,Coez,male,37,person,IT,n/a,n/a,n/a,n/a,,
460,460,Brendon Urie,male,33,person,US,n/a,n/a,St. George,n/a,,
461,461,Lil Peep,male,21,person,US,n/a,n/a,n/a,n/a,Tucson,n/a
462,462,Lil Dicky,male,32,person,,Philadelphia,n/a,Cheltenham,n/a,,
463,463,Wolfine,male,41,person,CO,n/a,n/a,Medellín,n/a,,
464,464,6LACK,male,28,person,US,n/a,n/a,Baltimore,n/a,,
465,465,Thomas Rhett,male,30,person,US,n/a,n/a,Valdosta,n/a,,
466,466,Skepta,male,37,person,GB,n/a,n/a,Tottenham,n/a,,
467,467,Cookin' On 3 Burners,mixed,20,group,AU,n/a,n/a,,,,
468,468,Ferrugem,male,0,person,BR,n/a,n/a,,,,
469,469,Stefflon Don,female,28,person,,,,Birmingham,n/a,,
470,470,SHY Martin,female,26,person,SE,n/a,n/a,,,,
471,471,Henrique & Diego,mixed,15,group,BR,n/a,n/a,Cuiabá,n/a,,
472,472,Emily Warren,female,27,person,US,n/a,n/a,New York,n/a,,
473,473,Aitana,female,21,person,ES,n/a,n/a,n/a,n/a,,
474,474,Sage The Gemini,male,28,person,US,n/a,n/a,Fairfield,n/a,,
475,475,Preme,male,34,person,CA,n/a,n/a,n/a,La Petite-Bourgogne,,
476,476,Azet,male,27,person,DE,n/a,n/a,n/a,n/a,,
477,477,Maty Noyes,female,0,person,US,n/a,n/a,,,,
478,478,Russ,male,27,person,US,n/a,n/a,n/a,n/a,,
479,479,Dzeko,male,0,person,CA,n/a,n/a,,,,
480,480,R. City,mixed,17,group,US,n/a,n/a,n/a,n/a,,
481,481,Astrid S,female,23,person,NO,n/a,n/a,n/a,n/a,,
482,482,Kontra K,male,33,person,,Berlin,n/a,Berlin,n/a,,
483,483,CADE,male,24,person,US,n/a,n/a,Tampa,n/a,,
484,484,Alex Rose,,0,,,Austin,n/a,,,,
485,485,December Avenue,mixed,12,group,PH,n/a,n/a,n/a,n/a,,
486,486,Robin Thicke,male,43,person,US,n/a,n/a,Los Angeles,n/a,,
487,487,Arijit Singh,male,33,person,IN,n/a,n/a,n/a,n/a,,
488,488,Sam Feldt,male,26,person,NL,n/a,n/a,Amsterdam,n/a,,
489,489,MC Kekel,male,24,person,BR,n/a,n/a,São Paulo,n/a,,
490,490,Wham!,mixed,39,group,GB,n/a,n/a,Bushey,n/a,,
491,491,Arctic Monkeys,mixed,18,group,GB,n/a,n/a,n/a,High Green,,
492,492,Nick Jonas,male,27,person,US,n/a,n/a,Dallas,n/a,,
493,493,C. Tangana,male,30,person,ES,n/a,n/a,Madrid,n/a,,
494,494,Dadju,male,29,person,FR,n/a,n/a,,,,
495,495,Mac Miller,male,26,person,US,n/a,n/a,Pittsburgh,n/a,n/a,Studio City
496,496,Zacari,male,0,person,,,,,,,
497,497,Years & Years,mixed,10,group,GB,n/a,n/a,London,n/a,,
498,498,Jonna Fraser,male,0,person,,,,Zaandam,n/a,,
499,499,Snoop Dogg,male,48,person,US,n/a,n/a,Long Beach,n/a,,
500,500,The Killers,mixed,19,group,US,n/a,n/a,Las Vegas,n/a,,
501,501,El Alfa,male,29,person,DO,n/a,n/a,n/a,n/a,,
502,502,Heuss L'enfoiré,,0,,FR,n/a,n/a,,,,
503,503,Maggie Lindemann,female,22,person,US,n/a,n/a,Dallas,n/a,,
504,504,Surfaces,mixed,3,group,US,n/a,n/a,n/a,n/a,,
505,505,Dardan,male,22,person,DE,n/a,n/a,Stuttgart,n/a,,
506,506,Melim,mixed,5,group,BR,n/a,n/a,,,,
507,507,Almighty,mixed,32,group,GB,n/a,n/a,,,,
508,508,Jesse & Joy,mixed,15,group,,Ciudad de México,n/a,Lima,n/a,,
509,509,BENEE,female,20,person,NZ,n/a,n/a,Auckland,n/a,,
510,510,Maître Gims,male,34,person,FR,n/a,n/a,Kinshasa,n/a,,
511,511,Jasmine Thompson,female,19,person,GB,n/a,n/a,London,n/a,,
512,512,Alvaro Soler,male,29,person,ES,n/a,n/a,Barcelona,n/a,,
513,513,Zion,male,38,person,PR,n/a,n/a,Carolina,n/a,,
514,514,Joey Montana,male,38,person,PA,n/a,n/a,n/a,n/a,,
515,515,Alejandro Fernandez,male,49,person,MX,n/a,n/a,Ciudad de México,n/a,,
516,516,Sido,male,39,person,DE,n/a,n/a,Berlin,n/a,,
517,517,Koba LaD,male,0,person,,,,,,,
518,518,Burna Boy,male,29,person,,Lagos,n/a,n/a,n/a,,
519,519,Snakehips,mixed,9,group,GB,n/a,n/a,n/a,n/a,,
520,520,Taco Hemingway,male,30,person,PL,n/a,n/a,n/a,n/a,,
521,521,Yo Gotti,male,39,person,US,n/a,n/a,Memphis,n/a,,
522,522,Blueface,male,23,person,,Los Angeles,n/a,Los Angeles,n/a,,
523,523,Rvssian,male,30,person,JM,n/a,n/a,n/a,n/a,,
524,524,Aminé,male,26,person,US,n/a,n/a,Portland,n/a,,
525,525,Dominic Fike,male,23,person,,n/a,n/a,,,,
526,526,Adam Levine,male,41,person,US,n/a,n/a,Los Angeles,n/a,,
527,527,Micro Tdh,male,21,person,VE,n/a,n/a,Caracas,n/a,,
528,528,Juju,female,44,person,JP,n/a,n/a,Shōbara,n/a,,
529,529,Toto,mixed,43,group,US,n/a,n/a,Van Nuys,n/a,Philadelphia,n/a
530,530,A$AP Ferg,male,31,person,US,n/a,n/a,n/a,Harlem,,
531,531,Morgan Wallen,male,27,person,US,n/a,n/a,Sneedville,n/a,,
532,532,Parson James,male,0,person,US,n/a,n/a,,,,
533,533,Official HIGE DANdism,mixed,8,group,JP,n/a,n/a,,,,
534,534,H.E.R.,mixed,5,group,FR,n/a,n/a,Rennes,n/a,Paris,n/a
535,535,Lennon Stella,female,20,person,CA,n/a,n/a,Oshawa,n/a,,
536,536,MC G15,male,22,person,BR,n/a,n/a,Duque de Caxias,n/a,,
537,537,Fabri Fibra,male,43,person,IT,n/a,n/a,n/a,n/a,,
538,538,Jack Harlow,male,22,person,US,n/a,n/a,Louisville,n/a,,
539,539,MAGIC!,mixed,14,group,US,n/a,n/a,Dedham,n/a,,
540,540,Martin Solveig,male,43,person,FR,n/a,n/a,Paris,n/a,,
541,541,FRENSHIP,mixed,0,group,,,,,,,
542,542,LSD,mixed,2,group,,,,,,,
543,543,WALK THE MOON,mixed,12,group,US,n/a,n/a,Cincinnati,n/a,,
544,544,Vitão,male,0,person,BR,n/a,n/a,,,,
545,545,Calum Scott,male,31,person,GB,n/a,n/a,n/a,n/a,,
546,546,Dilsinho,male,28,person,BR,n/a,n/a,Rio de Janeiro,n/a,,
547,547,J-AX,male,48,person,IT,n/a,n/a,Milan,n/a,,
548,548,David Bowie,male,69,person,GB,n/a,n/a,n/a,Brixton,New York,n/a
549,549,Gus Dapperton,male,0,person,US,n/a,n/a,,,,
550,550,Ne-Yo,male,40,person,US,n/a,n/a,Camden,n/a,,
551,551,Sabrina Carpenter,female,21,person,US,n/a,n/a,n/a,n/a,,
552,552,AJ Tracey,male,0,person,GB,n/a,n/a,,,,
553,553,Ina Wroldsen,female,36,person,,London,n/a,n/a,n/a,,
554,554,Joyner Lucas,male,31,person,,Worcester,n/a,,,,
555,555,Lilly Wood and The Prick,mixed,14,group,FR,n/a,n/a,Paris,n/a,,
556,556,Thalía,female,48,person,MX,n/a,n/a,Ciudad de México,n/a,,
557,557,The Vamps,mixed,8,group,GB,n/a,n/a,n/a,n/a,,
558,558,Sam Martin,male,37,person,US,n/a,n/a,New York,n/a,,
559,559,Ski Mask The Slump God,male,24,person,US,n/a,n/a,Florida,n/a,,
560,560,Broederliefde,mixed,0,group,NL,n/a,n/a,Rotterdam,n/a,,
561,561,Jhene Aiko,female,32,person,US,n/a,n/a,Los Angeles,n/a,,
562,562,Daniel Caesar,male,25,person,,Toronto,n/a,Toronto,n/a,,
563,563,Kid Cudi,male,36,person,US,n/a,n/a,Cleveland,n/a,,
564,564,Haze,mixed,42,group,GB,n/a,n/a,,,,
565,565,Lazza,male,26,person,IT,n/a,n/a,Milan,n/a,,
566,566,Snelle,,0,,,,,,,,
567,567,Mc Zaac,male,0,person,BR,n/a,n/a,,,,
568,568,Pedro Sampaio,male,0,person,BR,n/a,n/a,,,,
569,569,Lary Over,male,0,person,PR,n/a,n/a,,,,
570,570,Kai,female,30,person,CA,n/a,n/a,Toronto,n/a,,
571,571,Hov1,mixed,5,group,SE,n/a,n/a,,,,
572,572,Tedua,male,26,person,IT,n/a,n/a,n/a,n/a,,
573,573,Landon Cube,male,0,person,US,n/a,n/a,,,,
574,574,Beret,male,0,person,ES,n/a,n/a,,,,
575,575,Flipp Dinero,male,24,person,US,n/a,n/a,n/a,Canarsie,,
576,576,Topic,male,28,person,DE,n/a,n/a,,,,
577,577,Mc Don Juan,male,19,person,,Barra Bonita,n/a,Barra Bonita,n/a,,
578,578,Pineapple StormTv,mixed,0,group,,n/a,n/a,,,,
579,579,Mahmood,male,27,person,IT,n/a,n/a,Milan,n/a,,
580,580,Veysel,male,0,person,DE,n/a,n/a,,,,
581,581,Lexa,female,25,person,BR,n/a,n/a,Rio de Janeiro,n/a,,
582,582,Phoebe Ryan,female,29,person,,Los Angeles,n/a,n/a,n/a,,
583,583,Kollegah,male,35,person,DE,n/a,n/a,Friedberg,n/a,,
584,584,TINI,female,23,person,AR,n/a,n/a,Buenos Aires,n/a,,
585,585,Madman,male,32,person,IT,n/a,n/a,n/a,n/a,,
586,586,Sofiane,male,0,person,FR,n/a,n/a,,,,
587,587,Snøw,male,0,person,GB,n/a,n/a,,,,
588,588,ILLENIUM,male,29,person,US,n/a,n/a,Chicago,n/a,,
589,589,Rombai,mixed,5,group,UY,n/a,n/a,Montevideo,n/a,,
590,590,Guaynaa,male,0,person,PR,n/a,n/a,,,,
591,591,Usher,male,41,person,US,n/a,n/a,Dallas,n/a,,
592,592,JP Saxe,male,26,person,CA,n/a,n/a,Toronto,n/a,,
593,593,Zuna,male,27,person,,Dresden,n/a,n/a,n/a,,
594,594,BIA,mixed,0,group,,,,,,,
595,595,Deorro,male,28,person,,Los Angeles,n/a,Ciudad de México,n/a,,
596,596,ScHoolboy Q,male,33,person,,Los Angeles,n/a,Wiesbaden,n/a,,
597,597,Angèle,female,24,person,BE,n/a,n/a,n/a,n/a,,
598,598,Luísa Sonza,female,22,person,BR,n/a,n/a,n/a,n/a,,
599,599,Eno,male,22,person,,Wiesbaden,n/a,n/a,n/a,,
600,600,Tom Walker,male,28,person,GB,n/a,n/a,Manchester,n/a,,
601,601,Aitch,male,0,person,,Manchester,n/a,,,,
602,602,Kevin Roldan,male,27,person,CO,n/a,n/a,Cali,n/a,,
603,603,MC WM,male,0,person,BR,n/a,n/a,,,,
604,604,Bing Crosby,male,74,person,US,n/a,n/a,Tacoma,n/a,Alcobendas,n/a
605,605,CHVRCHES,mixed,9,group,GB,n/a,n/a,Glasgow,n/a,,
606,606,Tinashe,female,27,person,,Los Angeles,n/a,Lexington,n/a,,
607,607,Michael Jackson,male,50,person,US,n/a,n/a,Gary,n/a,Los Angeles,n/a
608,608,MACHETE,mixed,0,group,PR,n/a,n/a,,,,
609,609,Capo,male,30,person,DE,n/a,n/a,Offenbach am Main,n/a,,
610,610,THE SCOTTS,mixed,0,group,US,n/a,n/a,,,,
611,611,Jon Bellion,male,29,person,US,n/a,n/a,Lake Grove,n/a,,
612,612,Shiva,mixed,5,group,JP,n/a,n/a,,,,
613,613,Chino & Nacho,mixed,13,group,VE,n/a,n/a,,,,
614,614,Linkin Park,mixed,21,group,US,n/a,n/a,Agoura Hills,n/a,,
615,615,Farid Bang,male,34,person,,Düsseldorf,n/a,n/a,n/a,,
616,616,Social House,mixed,0,group,,,,,,,
617,617,AJR,mixed,14,group,,,,New York,n/a,,
618,618,Armin van Buuren,male,43,person,NL,n/a,n/a,Leiden,n/a,,
619,619,Leo Santana,male,32,person,BR,n/a,n/a,Salvador,n/a,,
620,620,Shindy,male,31,person,DE,n/a,n/a,Bietigheim-Bissingen,n/a,,
621,621,Justin Jesso,male,0,person,NO,n/a,n/a,,,,
622,622,Kelsea Ballerini,female,26,person,US,n/a,n/a,Mascot,n/a,,
623,623,Greeicy,female,27,person,CO,n/a,n/a,Cali,n/a,,
624,624,TWICE,mixed,4,group,KR,n/a,n/a,Seoul,n/a,,
625,625,Remy Boyz,mixed,0,group,,,,,,,
626,626,Conor Maynard,male,27,person,GB,n/a,n/a,Brighton,n/a,,
627,627,Ella Henderson,female,24,person,GB,n/a,n/a,,,,
628,628,SCH,male,27,person,FR,n/a,n/a,Marseille,n/a,,
629,629,Einár,male,27,person,IT,n/a,n/a,n/a,n/a,,
630,630,LEA,female,0,person,GB,n/a,n/a,n/a,n/a,,
631,631,Sky,mixed,41,group,GB,n/a,n/a,London,n/a,,
632,632,Surf Mesa,male,0,person,,,,,,,
633,633,Emilee,female,0,person,,,,,,,
634,634,Bedoes,male,22,person,PL,n/a,n/a,Bydgoszcz,n/a,,
635,635,Andy Grammer,male,36,person,US,n/a,n/a,Los Angeles,n/a,,
636,636,Trey Songz,male,35,person,US,n/a,n/a,Petersburg,n/a,,
637,637,Marc E. Bassy,male,33,person,,Los Angeles,n/a,San Francisco,n/a,,
638,638,Skip Marley,male,24,person,JM,n/a,n/a,n/a,n/a,,
639,639,Ben Fero,,0,,,,,,,,
640,640,Slim Jxmmi,male,0,person,,,,,,,
641,641,Lyanno,male,24,person,PR,n/a,n/a,,,,
642,642,Fedez,male,30,person,IT,n/a,n/a,,,,
643,643,Chivv,male,0,person,NL,n/a,n/a,,,,
644,644,Lookas,male,0,person,,,,,,,
645,645,John Mayer,male,42,person,US,n/a,n/a,Bridgeport,n/a,,
646,646,J Hus,male,24,person,,n/a,n/a,n/a,Stratford,,
647,647,A7S,,0,,SE,n/a,n/a,,,,
648,648,Quebonafide,male,0,person,PL,n/a,n/a,,,,
649,649,YBN Nahmir,male,20,person,US,n/a,n/a,Birmingham,n/a,,
650,650,Bizarrap,,22,,AR,n/a,n/a,n/a,n/a,,
651,651,Ella Eyre,female,26,person,GB,n/a,n/a,London,n/a,,
652,652,Milky Chance,mixed,8,group,DE,n/a,n/a,Kassel,n/a,,
653,653,Vald,male,28,person,FR,n/a,n/a,Aulnay-sous-Bois,n/a,,
654,654,Aimyon,female,25,person,JP,n/a,n/a,Nishinomiya,n/a,,
655,655,Belinda,female,30,person,MX,n/a,n/a,Madrid,n/a,,
656,656,The Script,mixed,19,group,,London,n/a,Dublin,n/a,,
657,657,SHAED,mixed,4,group,US,n/a,n/a,n/a,n/a,,
658,658,Alex Sensation,male,41,person,US,n/a,n/a,Bogotá,n/a,,
659,659,Showtek,mixed,19,group,NL,n/a,n/a,,,,
660,660,JACKBOYS,mixed,1,group,US,n/a,n/a,,,,
661,661,Oh Wonder,mixed,6,group,,London,n/a,London,n/a,,
662,662,Kevin Gates,male,34,person,US,n/a,n/a,New Orleans,n/a,,
663,663,Lomepal,male,28,person,FR,n/a,n/a,Paris,n/a,,
664,664,James Blunt,male,46,person,GB,n/a,n/a,Tidworth,n/a,,
665,665,Trettmann,male,46,person,DE,n/a,n/a,,,,
666,666,Chris Stapleton,male,42,person,US,n/a,n/a,Lexington,n/a,,
667,667,Joel Adams,male,0,person,,,,,,,
668,668,Brooks,,0,,US,n/a,n/a,,,,
669,669,IZA,female,31,person,,,,Łódź,n/a,,
670,670,Shaggy,male,51,person,JM,n/a,n/a,n/a,n/a,,
671,671,MC Lan,male,26,person,BR,n/a,n/a,n/a,n/a,,
672,672,Mon Laferte,female,37,person,MX,n/a,n/a,Viña del Mar,n/a,,
673,673,León Larregui,male,46,person,MX,n/a,n/a,n/a,n/a,,
674,674,Kent Jones,male,27,person,,,,Tallahassee,n/a,,
675,675,Boomdabash,mixed,18,group,IT,n/a,n/a,,,,
676,676,JVG,mixed,11,group,FI,n/a,n/a,,,,
677,677,Marama,mixed,0,group,UY,n/a,n/a,n/a,n/a,,
678,678,Don Patricio,male,27,person,ES,n/a,n/a,n/a,n/a,,
679,679,DrefGold,male,23,person,IT,n/a,n/a,n/a,n/a,,
680,680,Emis Killa,male,30,person,IT,n/a,n/a,,,,
681,681,Frank Sinatra,male,82,person,US,n/a,n/a,Hoboken,n/a,Los Angeles,n/a
682,682,R3HAB,male,34,person,NL,n/a,n/a,Breda,n/a,,
683,683,Dark Polo Gang,mixed,6,group,IT,n/a,n/a,,,,
684,684,Danna Paola,female,25,person,MX,n/a,n/a,Zapopan,n/a,,
685,685,Ozzy Osbourne,male,71,person,,Los Angeles,n/a,Aston,n/a,,
686,686,Tame Impala,mixed,13,group,AU,n/a,n/a,Perth,n/a,,
687,687,Murda,,0,,,,,,,,
688,688,Vigiland,mixed,7,group,,Västervik,n/a,,,,
689,689,Jeremy Zucker,male,0,person,,,,,,,
690,690,VIZE,mixed,2,group,DE,n/a,n/a,Berlin,n/a,,
691,691,Nate Dogg,male,41,person,US,n/a,n/a,Clarksdale,n/a,Long Beach,n/a
692,692,Burak Yeter,male,38,person,NL,n/a,n/a,Trabzon,n/a,,
693,693,Lucas Lucco,male,29,person,BR,n/a,n/a,n/a,n/a,,
694,694,James Blake,male,31,person,GB,n/a,n/a,n/a,n/a,,
695,695,Dimitri Vegas & Like Mike,mixed,13,group,BE,n/a,n/a,n/a,n/a,,
696,696,Kraantje Pappie,male,34,person,NL,n/a,n/a,Rotterdam,n/a,,
697,697,Tropkillaz,mixed,0,group,,n/a,n/a,,,,
698,698,David Bisbal,male,41,person,ES,n/a,n/a,Almería,n/a,,
699,699,Pablo Alborán,male,31,person,ES,n/a,n/a,Málaga,n/a,,
700,700,Yasmin Santos,female,22,person,BR,n/a,n/a,Guarujá,n/a,,
701,701,Vitor Kley,male,25,person,BR,n/a,n/a,Porto Alegre,n/a,,
702,702,El Chacal,male,0,person,,,,,,,
703,703,Silk City,mixed,0,group,GB,n/a,n/a,,,,
704,704,Fred De Palma,male,0,person,IT,n/a,n/a,,,,
705,705,RANI,female,0,person,GB,n/a,n/a,,,,
706,706,Matuê,male,0,person,BR,n/a,n/a,,,,
707,707,Ana Mena,female,0,person,ES,n/a,n/a,,,,
708,708,Brenda Lee,female,75,person,,Nashville,n/a,Atlanta,n/a,,
709,709,MC Fioti,male,25,person,,n/a,n/a,Itapecerica da Serra,n/a,,
710,710,Roméo Elvis,male,26,person,BE,n/a,n/a,n/a,n/a,,
711,711,Paloma Mami,female,20,person,US,n/a,n/a,n/a,Manhattan,,
712,712,Madison Beer,female,21,person,US,n/a,n/a,n/a,n/a,,
713,713,Dree Low,male,25,person,,,,,,,
714,714,PLK,,0,,FR,n/a,n/a,,,,
715,715,Danelle Sandoval,,0,,,,,,,,
716,716,24kGoldn,male,0,person,,,,,,,
717,717,Alejandro Sanz,male,51,person,ES,n/a,n/a,Madrid,n/a,,
718,718,Natalia Lafourcade,female,36,person,MX,n/a,n/a,Coatepec,n/a,,
719,719,Dopebwoy,male,26,person,NL,n/a,n/a,n/a,n/a,,
720,720,NEIKED,male,28,person,SE,n/a,n/a,Stockholm,n/a,,
721,721,Los Angeles Azules,mixed,44,group,MX,n/a,n/a,Ciudad de México,n/a,,
722,722,Elley Duhé,female,28,person,US,n/a,n/a,Mobile,n/a,,
723,723,Andy Williams,male,84,person,US,n/a,n/a,Wall Lake,n/a,Branson,n/a
724,724,T.I.,male,39,person,US,n/a,n/a,Atlanta,n/a,,
725,725,Abraham Mateo,male,21,person,ES,n/a,n/a,n/a,n/a,,
726,726,Dante Klein,male,0,person,DE,n/a,n/a,,,,
727,727,Fiersa Besari,male,36,person,ID,n/a,n/a,n/a,n/a,,
728,728,Lil Xan,male,23,person,US,n/a,n/a,Redlands,n/a,,
729,729,AlunaGeorge,mixed,11,group,GB,n/a,n/a,London,n/a,,
730,730,Molly Sandén,female,28,person,SE,n/a,n/a,n/a,n/a,,
731,731,Jay Rock,male,34,person,US,n/a,n/a,"Watts, Los Angeles",n/a,,
732,732,SFB,mixed,0,group,NL,n/a,n/a,The Hague,n/a,,
733,733,Quality Control,mixed,2,group,,Atlanta,n/a,Atlanta,n/a,,
734,734,Christina Aguilera,female,39,person,US,n/a,n/a,n/a,Staten Island,,
735,735,Leslie Grace,female,25,person,US,n/a,n/a,,,,
736,736,9lokknine,male,0,person,,,,,,,
737,737,Melanie Martinez,female,25,person,US,n/a,n/a,Baldwin,n/a,,
738,738,Marcos & Belutti,mixed,13,group,BR,n/a,n/a,,,,
739,739,Nile Rodgers,male,67,person,US,n/a,n/a,New York,n/a,,
740,740,Rkomi,male,26,person,IT,n/a,n/a,,,,
741,741,Not3s,male,0,person,,London,n/a,,,,
742,742,Maan,female,23,person,NL,n/a,n/a,n/a,n/a,,
743,743,Mc Davi,male,0,person,BR,n/a,n/a,,,,
744,744,Projota,male,34,person,BR,n/a,n/a,São Paulo,n/a,,
745,745,Timeflies,mixed,9,group,US,n/a,n/a,Boston,n/a,,
746,746,Luche,male,0,person,IT,n/a,n/a,,,,
747,747,Mula B,male,0,person,NL,n/a,n/a,,,,
748,748,Ella Mai,female,25,person,,London,n/a,London,n/a,,
749,749,Felipe Original,male,0,person,AT,n/a,n/a,,,,
750,750,Juliander,,0,,,,,,,,
751,751,Jon Z,male,29,person,PR,n/a,n/a,San Juan,n/a,,
752,752,Andmesh,,0,,,,,,,,
753,753,Luis Figueroa,male,0,person,,,,,,,
754,754,IAmChino,male,0,person,US,n/a,n/a,,,,
755,755,Rob $tone,male,0,person,,,,,,,
756,756,Carl Brave,male,0,person,IT,n/a,n/a,Rome,n/a,,
757,757,Omar Montes,male,32,person,,Madrid,n/a,Madrid,n/a,,
758,758,Verdine White,male,69,person,US,n/a,n/a,,,,
759,759,Yüzyüzeyken Konuşuruz,mixed,0,group,TR,n/a,n/a,,,,
760,760,Tinie Tempah,male,31,person,GB,n/a,n/a,n/a,Plumstead,,
761,761,Echosmith,mixed,11,group,,Los Angeles,n/a,Toluca Lake,n/a,,
762,762,Miriam Bryant,female,29,person,SE,n/a,n/a,Utby,n/a,,
763,763,Hornet La Frappe,,0,,,,,,,,
764,764,Jorja Smith,female,23,person,GB,n/a,n/a,London,n/a,,
765,765,Orelsan,male,38,person,FR,n/a,n/a,Alençon,n/a,,
766,766,Cartel De Santa,mixed,24,group,MX,n/a,n/a,Santa Catarina,n/a,,
767,767,Calboy,male,0,person,US,n/a,n/a,,,,
768,768,Alle Farben,male,35,person,DE,n/a,n/a,Berlin,n/a,,
769,769,Irama,male,24,person,IT,n/a,n/a,n/a,n/a,,
770,770,Davina Michelle,female,24,person,NL,n/a,n/a,Rotterdam,n/a,,
771,771,Melendi,male,41,person,ES,n/a,n/a,Oviedo,n/a,,
772,772,Reykon,male,33,person,CO,n/a,n/a,Envigado,n/a,,
773,773,Tanishk Bagchi,male,0,person,IN,n/a,n/a,,,,
774,774,KESI,male,27,person,DK,n/a,n/a,,,,
775,775,The Lumineers,mixed,11,group,,Denver,n/a,Ramsey,n/a,,
776,776,J. Davi$,,0,,,,,,,,
777,777,Spooks,mixed,26,group,US,n/a,n/a,Philadelphia,n/a,,
778,778,Gambi,male,21,person,FR,n/a,n/a,Fontenay-sous-Bois,n/a,,
779,779,La Adictiva Banda San José de Mesillas,mixed,30,group,MX,n/a,n/a,Concordia,n/a,,
780,780,BROCKHAMPTON,mixed,5,group,US,n/a,n/a,San Marcos,n/a,,
781,781,Lijpe,male,0,person,,,,,,,
782,782,Chris Nolan,male,0,person,IT,n/a,n/a,,,,
783,783,Yxng Bane,male,0,person,,London,n/a,,,,
784,784,Izi,male,25,person,IT,n/a,n/a,n/a,n/a,,
785,785,Idina Menzel,female,49,person,US,n/a,n/a,Syosset,n/a,,
786,786,Achille Lauro,male,30,person,IT,n/a,n/a,Rome,n/a,,
787,787,Shirin David,female,25,person,DE,n/a,n/a,Hamburg,n/a,,
788,788,King Gnu,mixed,3,group,JP,n/a,n/a,,,,
789,789,StaySolidRocky,male,0,person,,,,,,,
790,790,João Gustavo e Murilo,mixed,0,group,BR,n/a,n/a,,,,
791,791,Petit Biscuit,male,20,person,FR,n/a,n/a,Rouen,n/a,,
792,792,SBMG,mixed,7,group,,,,Amsterdam,n/a,,
793,793,ALMA,female,24,person,FI,n/a,n/a,Kuopio,n/a,,
794,794,Soolking,male,30,person,DZ,n/a,n/a,n/a,n/a,,
795,795,Neha Kakkar,female,0,person,IN,n/a,n/a,,,,
796,796,RK,male,0,person,FR,n/a,n/a,,,,
797,797,Pk,male,0,person,,Tallinn,n/a,,,,
798,798,Mike Bahía,male,34,person,CO,n/a,n/a,Cali,n/a,,
799,799,Band Aid,mixed,36,group,,,,London,n/a,,
800,800,Gringo,male,0,person,PR,n/a,n/a,,,,
